<?xml version="1.0"?>

<!DOCTYPE ACTIONS SYSTEM "actions.dtd">

<ACTIONS>
    <ACTION NAME="jason.run-project">
        <CODE>
            wm.addDockableWindow(jason.jeditplugin.JasonIDPlugin.NAME);
            wm.getDockable(jason.jeditplugin.JasonIDPlugin.NAME).runProject();
        </CODE>
    </ACTION>
    <ACTION NAME="jason.debug-project">
        <CODE>
            wm.addDockableWindow(jason.jeditplugin.JasonIDPlugin.NAME);
            wm.getDockable(jason.jeditplugin.JasonIDPlugin.NAME).debugProject();
        </CODE>
    </ACTION>
    <ACTION NAME="jason.stop-mas">
        <CODE>
            wm.addDockableWindow(jason.jeditplugin.JasonIDPlugin.NAME);
            wm.getDockable(jason.jeditplugin.JasonIDPlugin.NAME).stopMAS();
        </CODE>
    </ACTION>
    <ACTION NAME="jason.new-project">
        <CODE>
            wm.addDockableWindow(jason.jeditplugin.JasonIDPlugin.NAME);
            wm.getDockable(jason.jeditplugin.JasonIDPlugin.NAME).newProject();
        </CODE>
    </ACTION>
    <ACTION NAME="jason.clean-project">
        <CODE>
            wm.addDockableWindow(jason.jeditplugin.JasonIDPlugin.NAME);
            wm.getDockable(jason.jeditplugin.JasonIDPlugin.NAME).runAntTask("clean");
        </CODE>
    </ACTION>
    <ACTION NAME="jason.new-ag">
        <CODE>
            wm.addDockableWindow(jason.jeditplugin.JasonIDPlugin.NAME);
            wm.getDockable(jason.jeditplugin.JasonIDPlugin.NAME).newAg();
        </CODE>
    </ACTION>
    <ACTION NAME="jason.create-env">
        <CODE>
            wm.addDockableWindow(jason.jeditplugin.JasonIDPlugin.NAME);
            wm.getDockable(jason.jeditplugin.JasonIDPlugin.NAME).createEnv();
        </CODE>
    </ACTION>
    <ACTION NAME="jason.new-ia">
        <CODE>
            wm.addDockableWindow(jason.jeditplugin.JasonIDPlugin.NAME);
            wm.getDockable(jason.jeditplugin.JasonIDPlugin.NAME).newIA();
        </CODE>
    </ACTION>
    <ACTION NAME="jason.edit-log">
        <CODE>
            wm.addDockableWindow(jason.jeditplugin.JasonIDPlugin.NAME);
            wm.getDockable(jason.jeditplugin.JasonIDPlugin.NAME).editLog();
        </CODE>
    </ACTION>
    <ACTION NAME="jason.asl2html">
        <CODE>
            wm.addDockableWindow(jason.jeditplugin.JasonIDPlugin.NAME);
            wm.getDockable(jason.jeditplugin.JasonIDPlugin.NAME).asl2html();
        </CODE>
    </ACTION>
    <ACTION NAME="jason.asl2tex">
        <CODE>
            wm.addDockableWindow(jason.jeditplugin.JasonIDPlugin.NAME);
            wm.getDockable(jason.jeditplugin.JasonIDPlugin.NAME).asl2tex();
        </CODE>
    </ACTION>
    <ACTION NAME="jason.create-jar">
        <CODE>
            wm.addDockableWindow(jason.jeditplugin.JasonIDPlugin.NAME);
            wm.getDockable(jason.jeditplugin.JasonIDPlugin.NAME).runAntTask("jar");
        </CODE>
    </ACTION>
    <ACTION NAME="jason.create-jnlp">
        <CODE>
            wm.addDockableWindow(jason.jeditplugin.JasonIDPlugin.NAME);
            wm.getDockable(jason.jeditplugin.JasonIDPlugin.NAME).runAntTask("jnlp");
        </CODE>
    </ACTION>
</ACTIONS>
